_id,owner,address,suburb,postcode,capacity,pictures,longitude,latitude
0,root@gmail.com,15 Chapel Street,Randwick,2031.0,8,image/157.jpg;image/280.jpg;image/144.jpg,151.246228,-33.9099367
1,u87n@163.com,21 Carey Street,Randwick,2031.0,7,image/159.jpg;image/69.jpg;image/250.jpg;image/172.jpg;image/117.jpg,151.2522971,-33.9082003
2,12THxPHQO9@qq.com,13 Sully Street,Randwick,2031.0,5,image/7.jpg;image/78.jpg;image/274.jpg,151.2471536,-33.9229083
3,Db@gmail.com,7 Dunley Place,Castle Hill,2154.0,4,image/233.jpg;image/181.jpg;image/26.jpg;image/175.jpg,151.0291576,-33.717633
4,Db@gmail.com,11 Osborne Street,Wollongong,2500.0,3,image/110.jpg;image/208.jpg;image/250.jpg;image/264.jpg,150.8854479,-34.4276021
5,o4G5BhZBy3@hotmail.com,29 Campbell Avenue,Darlinghurst,2021.0,4,image/106.jpg;image/113.jpg;image/269.jpg,151.2228746,-33.8809884
6,1LCd5XXRL5f@qq.com,7 Talisman Avenue,Castle Hill,2154.0,6,image/24.jpg;image/65.jpg,150.99225980000003,-33.7422894
7,tlpIOtm6SbUsYD@yahoo.com,17 Bilgola Street,Campbelltown,2560.0,2,image/156.jpg;image/140.jpg;image/189.jpg;image/164.jpg,150.82643480000004,-34.0712948
8,ejmbXwFb3X8Kr@163.com,7 White Avenue,Bankstown,2200.0,2,image/26.jpg;image/70.jpg;image/10.jpg;image/15.jpg,151.0296014,-33.9260333
9,Wxj@163.com,13 Paton Street,Kingsford,2032.0,8,image/116.jpg;image/3.jpg;image/4.jpg;image/56.jpg,151.2368609,-33.926405200000005
10,m@yahoo.com,3 Sydney Road,Liverpool,2170.0,4,image/142.jpg;image/68.jpg;image/65.jpg;image/87.jpg;image/12.jpg,150.923562,-33.914505600000005
11,5PQCl@gmail.com,3 Tarakan Street,Auburn,2144.0,6,image/289.jpg;image/26.jpg;image/111.jpg,151.0191696,-33.8733463
12,9qDKDEYe3KGF@163.com,13 Goodrich Avenue,Kingsford,2032.0,6,image/88.jpg;image/252.jpg,151.21837219999995,-33.9188273
13,u87n@163.com,17 Cornwall Road,Auburn,2144.0,8,image/202.jpg;image/92.jpg;image/190.jpg,151.02391640000005,-33.8693805
14,jL@yahoo.com,25 Katrina Place,Baulkham Hills,2153.0,2,image/150.jpg;image/149.jpg;image/134.jpg;image/181.jpg,150.987771,-33.7654595
15,p6BxSTgaMUh@qq.com,13 Nagun Street,Randwick,2031.0,8,image/260.jpg;image/290.jpg;image/74.jpg,151.24176119999996,-33.9321665
16,R9ux@yahoo.com,7 Arthur Lane,Surry Hills,2010.0,3,image/125.jpg;image/115.jpg;image/3.jpg,151.2127513,-33.8868766
17,7o6o@gmail.com,21 West Street,North Sydney,2060.0,5,image/57.jpg;image/151.jpg;image/190.jpg;image/65.jpg;image/114.jpg,151.20592019999995,-33.832094
18,qGE5Uyv@gmail.com,19 Little Street,Parramatta,2150.0,4,image/165.jpg;image/225.jpg;image/248.jpg;image/188.jpg,151.0082066,-33.81701830000001
19,1LCd5XXRL5f@qq.com,29 Marion Street,Blacktown,2148.0,5,image/236.jpg;image/303.jpg;image/228.jpg,150.9112591,-33.77590470000001
20,3Wf5G88MS8cMgqQ@163.com,11 New Dapto Road,Wollongong,2500.0,7,image/35.jpg;image/26.jpg;image/87.jpg,150.8874926,-34.4215109
21,2iDn8E8@yahoo.com,29 Bourke Street,Liverpool,2170.0,4,image/123.jpg;image/94.jpg;image/148.jpg;image/102.jpg,150.9186867,-33.9254094
22,ouzt3xg8xvE@yahoo.com,25 Robinson Place,Baulkham Hills,2153.0,3,image/114.jpg;image/304.jpg,150.97707409999995,-33.7630139
23,725G1BqiIf2meC@hotmail.com,19 Church Lane,North Sydney,2060.0,5,image/19.jpg;image/4.jpg,151.20524440000003,-33.8339849
24,NCsx@qq.com,25 Lavender Avenue,Bankstown,2196.0,8,image/196.jpg;image/13.jpg;image/10.jpg;image/144.jpg;image/44.jpg,151.04108090000003,-33.9254916
25,zcEBBWlI0orFFlM@163.com,25 Woodriff Street,Penrith,2750.0,6,image/21.jpg;image/160.jpg;image/229.jpg;image/147.jpg,150.6966495,-33.754343799999994
26,hSOTHAW75eSvpHQ@hotmail.com,3 Prince Lane,Randwick,2031.0,2,image/5.jpg;image/160.jpg,151.2370431,-33.907632899999996
27,VX3foqr@gmail.com,7 Rochester Grove,Castle Hill,2154.0,7,image/247.jpg;image/142.jpg;image/290.jpg,150.9772159,-33.720961200000005
28,KhSjk2v@qq.com,9 Warrina Avenue,Baulkham Hills,2153.0,5,image/184.jpg;image/183.jpg,150.9704371,-33.7500469
29,KrJnwtKufW5s@hotmail.com,15 Pavonia Way,Blacktown,2148.0,3,image/267.jpg;image/304.jpg;image/118.jpg;image/104.jpg;image/75.jpg,150.9032979,-33.7983724
30,tlpIOtm6SbUsYD@yahoo.com,19 Gibbs Street,Auburn,2144.0,8,image/138.jpg;image/145.jpg;image/68.jpg;image/39.jpg,151.0212786,-33.85489099999999
31,5OQ1JW@hotmail.com,13 Langdon Road,Baulkham Hills,2153.0,2,image/185.jpg;image/247.jpg,150.9690322,-33.77061
32,PTUyWust1Bvwnp@gmail.com,1 Darling Street,Wollongong,2500.0,4,image/53.jpg;image/198.jpg;image/109.jpg;image/115.jpg,150.885148,-34.424565
33,VX3foqr@gmail.com,19 Simpson Avenue,Baulkham Hills,2153.0,3,image/87.jpg;image/107.jpg,150.97671780000005,-33.76420239999999
34,2@hotmail.com,21 Johnson Street,Mascot,2020.0,3,image/266.jpg;image/119.jpg;image/119.jpg;image/272.jpg,151.19669840000003,-33.9316453
35,m@yahoo.com,15 Doohat Lane,North Sydney,2060.0,7,image/71.jpg;image/63.jpg,151.2043352,-33.8357461
36,SE9@yahoo.com,9 Margaret Lane,Sydney,2048.0,7,image/38.jpg;image/211.jpg;image/256.jpg,151.16235559999996,-33.8891454
37,Wxj@163.com,15 The Corso ,Manly,2095.0,7,image/296.jpg;image/160.jpg;image/223.jpg,151.2855978,-33.7982294
38,3Wf5G88MS8cMgqQ@163.com,19 Harrington Avenue,Castle Hill,2154.0,2,image/200.jpg;image/71.jpg;image/7.jpg,150.973998,-33.71836710000001
39,kJ4ip3FOBvV@hotmail.com,25 Departure Plaza,Mascot,2020.0,3,image/98.jpg;image/197.jpg;image/232.jpg;image/241.jpg,151.1660404,-33.935624100000005
40,JLGaMuH@yahoo.com,11 Douglas Road,Blacktown,2148.0,6,image/3.jpg;image/221.jpg;image/230.jpg,150.89259109999998,-33.7820858
41,wKip0M@qq.com,11 Newcomen Street,Newcastle,2300.0,4,image/218.jpg;image/159.jpg;image/200.jpg;image/294.jpg;image/112.jpg,151.782485,-32.9270387
42,BrdZv1rr9@qq.com,27 Cambridge Avenue,Bankstown,2200.0,3,image/166.jpg;image/283.jpg,151.02804369999996,-33.92115510000001
43,nUpKSk5P4Xrgg@qq.com,27 Hyde Parade,Campbelltown,2560.0,2,image/66.jpg;image/100.jpg;image/239.jpg;image/215.jpg;image/96.jpg,150.8066782,-34.0735074
44,9qDKDEYe3KGF@163.com,3 Grimley Close,Penrith,2750.0,8,image/38.jpg;image/202.jpg,150.7166931,-33.7353576
45,ejmbXwFb3X8Kr@163.com,15 Sheas Lane,Surry Hills,2010.0,4,image/2.jpg;image/10.jpg;image/179.jpg;image/102.jpg,151.2145371,-33.8849025
46,QEokSMakhsbi@hotmail.com,7 Meredith Street,Bankstown,2200.0,7,image/83.jpg;image/288.jpg,151.0321714,-33.91499
47,5L5B4sydMr2y@gmail.com,29 Carey Lane,Randwick,2031.0,3,image/238.jpg;image/34.jpg;image/66.jpg,151.25232490000005,-33.909216
48,VaAw8UjxnZ@hotmail.com,25 Kendall Street,Campbelltown,2560.0,5,image/99.jpg;image/143.jpg;image/247.jpg;image/97.jpg;image/267.jpg,150.8311813,-34.0646658
49,ym03DkPQUSHVz@qq.com,5 Saunders Avenue,Liverpool,2170.0,5,image/98.jpg;image/153.jpg;image/110.jpg;image/20.jpg;image/5.jpg,150.91766719999995,-33.915339200000005
50,nUpKSk5P4Xrgg@qq.com,1 Bangalow Place,Baulkham Hills,2153.0,7,image/242.jpg;image/228.jpg,150.9733513,-33.751461799999994
51,QEokSMakhsbi@hotmail.com,3 Spurway Drive,Baulkham Hills,2153.0,6,image/299.jpg;image/144.jpg;image/232.jpg;image/142.jpg,150.96843769999995,-33.7286489
52,sTmyQJ8qBcsZSDZ@163.com,3 Napoleon Street,Sydney,2219.0,2,image/105.jpg;image/270.jpg;image/196.jpg;image/141.jpg,151.1351772,-34.0030537
53,o4G5BhZBy3@hotmail.com,3 Tate Street,Wollongong,2500.0,8,image/123.jpg;image/69.jpg;image/120.jpg;image/222.jpg,150.89028530000004,-34.4392744
54,3Wf5G88MS8cMgqQ@163.com,27 Vanessa Avenue,Baulkham Hills,2153.0,4,image/207.jpg;image/203.jpg,150.98158059999997,-33.754490000000004
55,J1nWFjGf@qq.com,19 Brodie Circle,Baulkham Hills,2153.0,3,image/38.jpg;image/146.jpg;image/293.jpg;image/148.jpg;image/282.jpg,150.99999590000004,-33.7594474
56,qGE5Uyv@gmail.com,29 Oswald Lane,Darlinghurst,2010.0,4,image/124.jpg;image/176.jpg,151.2255206,-33.8769859
57,ii0GMrWGoi@qq.com,5 Warby Street,Campbelltown,2560.0,4,image/249.jpg;image/300.jpg,150.8198956,-34.0620477
58,hE9sLi@163.com,23 Wentworth Street,Randwick,2031.0,7,image/216.jpg;image/45.jpg,151.24141519999995,-33.9046679
59,o6mNDIf@hotmail.com,9 Lachlan Street,Liverpool,2170.0,2,image/197.jpg;image/276.jpg,150.9311659,-33.9160632
60,5OQ1JW@hotmail.com,1 Valley Road,Campbelltown,2560.0,4,image/174.jpg;image/268.jpg;image/140.jpg;image/220.jpg,150.8278883,-34.0693636
61,kJ4ip3FOBvV@hotmail.com,1 Sorrell Street,Parramatta,2150.0,6,image/160.jpg;image/291.jpg,151.0064304,-33.810654
62,5L5B4sydMr2y@gmail.com,5 Albion Street,Randwick,2024.0,6,image/198.jpg;image/74.jpg;image/249.jpg;image/93.jpg;image/157.jpg,151.25452019999997,-33.9025906
63,9qDKDEYe3KGF@163.com,7 Loftus Street,Sydney,2000.0,4,image/291.jpg;image/296.jpg,151.2104736,-33.862362299999994
64,bFR@yahoo.com,5 Colo Lane,Blacktown,2148.0,2,image/298.jpg;image/22.jpg;image/177.jpg;image/121.jpg;image/130.jpg,150.90992859999997,-33.772327600000004
65,KHojy@qq.com,15 Valley Road,Campbelltown,2560.0,6,image/253.jpg;image/4.jpg;image/247.jpg;image/284.jpg;image/235.jpg,150.8303865,-34.0723185
66,t7iKMaGnLYdqW@yahoo.com,15 Hill Street,Surry Hills,2010.0,5,image/7.jpg;image/216.jpg;image/295.jpg;image/101.jpg,151.21680519999995,-33.883373399999996
67,R1CHqeDWk@yahoo.com,3 Sturt Street,Randwick,2032.0,7,image/111.jpg;image/122.jpg;image/187.jpg,151.2289344,-33.9260962
68,ZeGf@qq.com,23 Gardeners Road,Mascot,2032.0,5,image/50.jpg;image/207.jpg;image/178.jpg;image/139.jpg,151.2254987,-33.9256136
69,HDbeEQbo9@163.com,3 Holt Street,North Ryde,2113.0,2,image/272.jpg;image/285.jpg,151.1217504,-33.7890016
70,aclP@163.com,5 Junction Street,Auburn,2144.0,6,image/184.jpg;image/182.jpg,151.0309625,-33.8354261
71,lQbQ3CR@hotmail.com,29 De Mestre Place,Sydney,2000.0,5,image/234.jpg;image/169.jpg,151.2074476,-33.865945
72,ymxX@163.com,29 Winifred Crescent,Blacktown,2148.0,8,image/191.jpg;image/206.jpg,150.9175846,-33.770658000000005
73,3jMCc9iyKjW@163.com,29 Barwon Place,Campbelltown,2560.0,6,image/302.jpg;image/143.jpg;image/46.jpg;image/90.jpg,150.8286793,-34.07419960000001
74,eBMK8YAtBZnI@163.com,29 Boonal Street,Baulkham Hills,2153.0,6,image/232.jpg;image/298.jpg;image/181.jpg,150.97263519999996,-33.7476521
75,JT@163.com,21 Louise Avenue,Baulkham Hills,2153.0,4,image/37.jpg;image/209.jpg;image/163.jpg;image/226.jpg,150.9747607,-33.756697700000004
76,YJOIgxQTWa@qq.com,13 Fairmont Avenue,Baulkham Hills,2153.0,6,image/218.jpg;image/302.jpg;image/98.jpg;image/289.jpg,150.97071440000005,-33.7344024
77,YJOIgxQTWa@qq.com,5 Evan Street,Penrith,2750.0,2,image/178.jpg;image/7.jpg;image/296.jpg,150.70243390000005,-33.75420220000001
78,bFR@yahoo.com,15 Norman Street,Darlinghurst,2010.0,2,image/293.jpg;image/198.jpg,151.2143773,-33.8777631
79,5PQCl@gmail.com,23 Mascot Lane,Mascot,2020.0,6,image/230.jpg;image/89.jpg;image/32.jpg;image/23.jpg;image/244.jpg,151.19399109999995,-33.930297
80,ZeGf@qq.com,5 Quintana Avenue,Baulkham Hills,2153.0,2,image/64.jpg;image/20.jpg;image/193.jpg;image/77.jpg,150.9657134,-33.764206
81,sTmyQJ8qBcsZSDZ@163.com,13 Felicity Place,Randwick,2031.0,7,image/221.jpg;image/60.jpg,151.2427601,-33.928454200000004
82,NsHu1@qq.com,11 Yaringa Road,Castle Hill,2154.0,5,image/47.jpg;image/112.jpg,150.9996094,-33.71932049999999
83,NCsx@qq.com,15 John Street,Pyrmont,2009.0,4,image/273.jpg;image/59.jpg,151.1915734,-33.8687019
84,YJOIgxQTWa@qq.com,5 Louise Avenue,Baulkham Hills,2153.0,2,image/128.jpg;image/277.jpg;image/66.jpg,150.9745107,-33.75525510000001
85,725G1BqiIf2meC@hotmail.com,17 Birdwood Avenue,Kingsford,2035.0,2,image/302.jpg;image/288.jpg;image/214.jpg;image/250.jpg,151.2285271,-33.9328352
86,zcEBBWlI0orFFlM@163.com,19 Meeks Street,Kingsford,2032.0,4,image/13.jpg;image/283.jpg,151.23053080000003,-33.923118
87,12THxPHQO9@qq.com,27 Kanili Avenue,Baulkham Hills,2153.0,2,image/181.jpg;image/190.jpg;image/152.jpg,150.9740279,-33.770181799999996
88,kX3sG836Tw9Tl@hotmail.com,25 Sherwood Circuit,Penrith,2750.0,3,image/217.jpg;image/78.jpg,150.7115003,-33.7530927
89,T1YnGxacjXHj@gmail.com,17 Edith Avenue,Liverpool,2170.0,2,image/41.jpg;image/108.jpg;image/106.jpg;image/281.jpg,150.9114864,-33.9138669
90,DyQO1rR@163.com,13 Appin Road,Campbelltown,2560.0,4,image/39.jpg;image/55.jpg,150.80885800000001,-34.076407
91,HDbeEQbo9@163.com,29 Chisholm Road,Auburn,2144.0,2,image/96.jpg;image/223.jpg,151.0206419,-33.850815000000004
92,lQbQ3CR@hotmail.com,15 Mary Street,Blacktown,2148.0,2,image/1.jpg;image/273.jpg;image/239.jpg;image/8.jpg;image/179.jpg,150.8926382,-33.758706200000006
93,kX3sG836Tw9Tl@hotmail.com,19 Chalmers Lane,Surry Hills,2000.0,6,image/26.jpg;image/105.jpg;image/147.jpg,151.2074689,-33.884541999999996
94,75Y2p@gmail.com,25 Charles Street,Liverpool,2170.0,7,image/182.jpg;image/75.jpg;image/47.jpg;image/122.jpg;image/29.jpg,150.9189852,-33.9295145
95,fszRaDYAnBBIf0@163.com,17 James Street,Baulkham Hills,2153.0,5,image/114.jpg;image/298.jpg;image/3.jpg;image/51.jpg;image/171.jpg,150.996631,-33.76238170000001
96,o4G5BhZBy3@hotmail.com,7 Lanark Court,Castle Hill,2154.0,2,image/79.jpg;image/40.jpg;image/117.jpg;image/58.jpg;image/155.jpg,151.0091362,-33.7177006
97,QH7OrLIz2Hqq@qq.com,9 Bradfield Place,Blacktown,2767.0,6,image/48.jpg;image/190.jpg;image/41.jpg;image/60.jpg,150.8807678,-33.780238
98,ZiNKHKtXlUHNYi2@yahoo.com,21 Bundock Street,Kingsford,2032.0,6,image/62.jpg;image/104.jpg;image/278.jpg,151.2407872,-33.9271727
99,IRk@hotmail.com,3 Beazley Place,Baulkham Hills,2153.0,5,image/49.jpg;image/204.jpg;image/180.jpg;image/213.jpg;image/90.jpg,150.9702597,-33.767888799999994
100,qDaXPO@yahoo.com,15 Thistle Way,Blacktown,2148.0,7,image/223.jpg;image/97.jpg,150.9007792,-33.7965784
101,QH7OrLIz2Hqq@qq.com,11 Normanby Road,Auburn,2144.0,3,image/114.jpg;image/107.jpg;image/127.jpg,151.0286633,-33.84756110000001
102,ii0GMrWGoi@qq.com,23 Mclachlan Avenue,Darlinghurst,2010.0,6,image/277.jpg;image/55.jpg;image/150.jpg;image/247.jpg,151.2274717,-33.8772481
103,jO9vhnkgxmlGW@hotmail.com,5 Wright Lane,Surry Hills,2010.0,7,image/217.jpg;image/237.jpg;image/291.jpg;image/254.jpg,151.2095351,-33.881618200000005
104,ii0GMrWGoi@qq.com,15 Railway Parade,Wollongong,2500.0,2,image/28.jpg;image/133.jpg;image/210.jpg,150.88935940000005,-34.4248923
105,o4G5BhZBy3@hotmail.com,17 Fyfe Street,Pyrmont,2009.0,2,image/88.jpg;image/246.jpg;image/78.jpg;image/207.jpg;image/219.jpg,151.1963616,-33.8646874
106,9qDKDEYe3KGF@163.com,25 Bunnerong Road,Kingsford,2032.0,5,image/288.jpg;image/111.jpg,151.2284491,-33.9259587
107,t7iKMaGnLYdqW@yahoo.com,7 West Street,Parramatta,2150.0,7,image/164.jpg;image/270.jpg;image/108.jpg;image/131.jpg;image/76.jpg,151.0247872,-33.8072333
108,eBMK8YAtBZnI@163.com,9 Mercer Street,Castle Hill,2154.0,7,image/179.jpg;image/22.jpg,151.0088158,-33.7325094
109,ym03DkPQUSHVz@qq.com,11 Copperleaf Way,Castle Hill,2154.0,5,image/130.jpg;image/100.jpg;image/181.jpg,151.0166994,-33.7455091
110,ymxX@163.com,27 Milton Street,Bankstown,2200.0,3,image/191.jpg;image/11.jpg;image/17.jpg;image/302.jpg,151.039877,-33.912637
111,Px2Rr@163.com,13 Myrtle Street,North Sydney,2060.0,4,image/11.jpg;image/272.jpg,151.204399,-33.831188899999994
112,fszRaDYAnBBIf0@163.com,13 Gilbert Road,Castle Hill,2154.0,8,image/213.jpg;image/5.jpg,150.98780980000004,-33.7220758
113,6sKh8X0w6x8fne@163.com,13 Augusta Street,Blacktown,2148.0,4,image/203.jpg;image/205.jpg;image/128.jpg;image/243.jpg,150.90712230000003,-33.8019222
114,nUpKSk5P4Xrgg@qq.com,17 Crinan Court,Castle Hill,2154.0,3,image/23.jpg;image/71.jpg;image/167.jpg,151.00835880000002,-33.71492380000001
115,m@yahoo.com,11 Brunette Drive,Castle Hill,2154.0,2,image/128.jpg;image/300.jpg,150.999814,-33.7490107
116,1LCd5XXRL5f@qq.com,3 Marion Street,Auburn,2144.0,5,image/242.jpg;image/150.jpg;image/261.jpg;image/40.jpg,151.03472309999995,-33.85494800000001
117,PTUyWust1Bvwnp@gmail.com,9 Coleman Street,Mascot,2020.0,2,image/61.jpg;image/46.jpg;image/243.jpg,151.18426369999997,-33.930145200000005
118,VX3foqr@gmail.com,21 Cooks River Avenue,Mascot,2020.0,3,image/294.jpg;image/80.jpg,151.16290969999997,-33.934347700000004
119,7o6o@gmail.com,7 Orange Lane,Randwick,2031.0,4,image/78.jpg;image/138.jpg;image/285.jpg,151.2442435,-33.9039925
120,KHojy@qq.com,5 Gwydir Place,Campbelltown,2560.0,8,image/141.jpg;image/86.jpg;image/167.jpg,150.8292963,-34.0771289
121,2@hotmail.com,3 Budjan Street,Randwick,2031.0,5,image/166.jpg;image/171.jpg;image/147.jpg;image/184.jpg;image/108.jpg,151.2447793,-33.93075579999999
122,zxxkMJ@gmail.com,1 Henry Kendall Crescent,Mascot,2020.0,4,image/44.jpg;image/12.jpg,151.1935569,-33.924814399999995
123,DyQO1rR@163.com,11 Parkes Street,Parramatta,2150.0,5,image/66.jpg;image/288.jpg;image/278.jpg;image/269.jpg;image/169.jpg,151.01000019999995,-33.8190572
124,jL@yahoo.com,29 Conie Avenue,Baulkham Hills,2153.0,3,image/304.jpg;image/103.jpg;image/302.jpg,150.9892598,-33.7606646
125,DyQO1rR@163.com,23 Wilde Avenue,Parramatta,2150.0,8,image/73.jpg;image/167.jpg,151.007591,-33.8110316
126,ZeGf@qq.com,23 Wallace Street,Kingsford,2032.0,8,image/21.jpg;image/267.jpg;image/148.jpg;image/104.jpg;image/181.jpg,151.2322581,-33.9257344
127,12THxPHQO9@qq.com,19 Cuthbert Street,Sydney,2022.0,8,image/25.jpg;image/96.jpg;image/36.jpg;image/103.jpg;image/94.jpg,151.249875,-33.898075
128,F3AW58Ge@qq.com,13 Frogmore Street,Mascot,2020.0,5,image/230.jpg;image/260.jpg,151.1984775,-33.9313461
129,ZeGf@qq.com,9 Brisbane Road,Castle Hill,2154.0,4,image/264.jpg;image/37.jpg,151.01119530000003,-33.7320939
130,bFR@yahoo.com,21 Merewether Street,Newcastle,2300.0,2,image/234.jpg;image/189.jpg,151.7735961,-32.925674199999996
131,zcEBBWlI0orFFlM@163.com,27 Owen Way,Castle Hill,2154.0,6,image/108.jpg;image/215.jpg,151.01873700000004,-33.72076550000001
132,725G1BqiIf2meC@hotmail.com,11 See Street,Kingsford,2032.0,5,image/300.jpg;image/140.jpg,151.2241945,-33.9225243
133,GWb@yahoo.com,23 Smith Street,Wollongong,2500.0,3,image/300.jpg;image/123.jpg;image/119.jpg;image/17.jpg,150.9011029,-34.4227775
134,kX3sG836Tw9Tl@hotmail.com,27 Adella Avenue,Blacktown,2148.0,7,image/86.jpg;image/156.jpg;image/96.jpg;image/243.jpg;image/99.jpg,150.88842409999995,-33.7693328
135,zxxkMJ@gmail.com,7 Forbes Street,Liverpool,2170.0,2,image/48.jpg;image/286.jpg;image/216.jpg;image/192.jpg,150.93065280000005,-33.9149514
136,GWb@yahoo.com,17 St Marys Road,Sydney,2000.0,7,image/235.jpg;image/8.jpg;image/224.jpg;image/194.jpg;image/149.jpg,151.214498,-33.8711146
137,T1YnGxacjXHj@gmail.com,25 Bond Street,North Ryde,2113.0,6,image/134.jpg;image/89.jpg;image/20.jpg;image/143.jpg;image/297.jpg,151.11549409999995,-33.7983841
138,ysd@yahoo.com,21 Gray Street,Randwick,2031.0,7,image/299.jpg;image/87.jpg,151.2456094,-33.9182015
139,5L5B4sydMr2y@gmail.com,25 Percy Street,Auburn,2144.0,4,image/173.jpg;image/23.jpg,151.03996469999996,-33.851081799999996
140,2iDn8E8@yahoo.com,27 Ligato Place,Liverpool,2170.0,3,image/230.jpg;image/270.jpg,150.91034219999997,-33.9143924
141,sGe5yiFP@gmail.com,3 Railway Street,Liverpool,2170.0,3,image/131.jpg;image/46.jpg,150.92591140000005,-33.9238563
142,ouzt3xg8xvE@yahoo.com,15 West Esplanade,Manly,2095.0,3,image/230.jpg;image/30.jpg,151.2831413,-33.798593200000006
143,VX3foqr@gmail.com,9 Matterson Lane,Surry Hills,2010.0,8,image/36.jpg;image/296.jpg;image/143.jpg,151.2134032,-33.892000200000005
144,2iDn8E8@yahoo.com,23 Danehill Court,Castle Hill,2154.0,8,image/146.jpg;image/235.jpg;image/196.jpg,150.9764899,-33.7152703
145,ym03DkPQUSHVz@qq.com,13 Ann Street,Surry Hills,2010.0,7,image/181.jpg;image/110.jpg;image/115.jpg;image/142.jpg,151.2113864,-33.882157899999996
146,JLGaMuH@yahoo.com,7 Broughton Street,Campbelltown,2560.0,8,image/82.jpg;image/192.jpg;image/50.jpg;image/209.jpg,150.8167851,-34.0634209
147,Tsv@gmail.com,7 Gate 6 Avenue,Randwick,2031.0,8,image/105.jpg;image/104.jpg;image/281.jpg;image/65.jpg;image/248.jpg,151.2417311,-33.9104064
148,KHojy@qq.com,3 Collins Street,Surry Hills,2010.0,4,image/56.jpg;image/123.jpg;image/46.jpg;image/55.jpg;image/105.jpg,151.2127635,-33.88598820000001
149,b@hotmail.com,5 Carmen Street,Bankstown,2200.0,2,image/213.jpg;image/1.jpg;image/76.jpg;image/201.jpg,151.02906299999995,-33.9114423
150,ysd@yahoo.com,21 Baxter Road,Mascot,2020.0,8,image/67.jpg;image/30.jpg;image/112.jpg,151.1925256,-33.9320322
151,xVNEqhjFpEU@163.com,13 Hardie Street,Darlinghurst,2010.0,7,image/192.jpg;image/64.jpg,151.22075,-33.8778885
152,zxxkMJ@gmail.com,21 O'connell Street,Sydney,2042.0,6,image/153.jpg;image/62.jpg;image/111.jpg,151.1824319,-33.8932636
153,KrJnwtKufW5s@hotmail.com,29 Pembroke Street,Blacktown,2148.0,2,image/198.jpg;image/257.jpg;image/180.jpg,150.8866899,-33.7814411
154,o6mNDIf@hotmail.com,13 Nobel Place,Castle Hill,2154.0,2,image/24.jpg;image/104.jpg,150.99637140000004,-33.728468299999996
155,lunBZOgMyA3A2@163.com,29 Captains Road,Penrith,2750.0,2,image/293.jpg;image/49.jpg;image/284.jpg;image/188.jpg;image/57.jpg,150.67618969999995,-33.7538326
156,lQbQ3CR@hotmail.com,23 Sherwood Place,North Ryde,2113.0,6,image/104.jpg;image/26.jpg;image/50.jpg;image/83.jpg;image/221.jpg,151.12828180000002,-33.804934
157,ym03DkPQUSHVz@qq.com,7 Hevington Road,Auburn,2144.0,4,image/287.jpg;image/78.jpg;image/146.jpg,151.03385659999995,-33.8582362
158,JLGaMuH@yahoo.com,13 Stanley Street,Blacktown,2148.0,6,image/160.jpg;image/110.jpg,150.9078507,-33.785809
159,qDaXPO@yahoo.com,17 Herbert Street,Pyrmont,2009.0,2,image/293.jpg;image/147.jpg;image/167.jpg,151.19261840000001,-33.86518970000001
160,bFR@yahoo.com,19 Gilchrist Drive,Campbelltown,2560.0,7,image/4.jpg;image/39.jpg;image/110.jpg;image/88.jpg,150.78952180000005,-34.0757013
161,DyQO1rR@163.com,3 Roslyn Street,Liverpool,2170.0,3,image/78.jpg;image/290.jpg,150.91033190000005,-33.9164805
162,3jMCc9iyKjW@163.com,1 Floods Place,Surry Hills,2010.0,7,image/67.jpg;image/269.jpg;image/139.jpg,151.2166793,-33.8837467
163,lQbQ3CR@hotmail.com,13 Central Avenue,Manly,2095.0,4,image/102.jpg;image/151.jpg;image/203.jpg,151.28699709999995,-33.7963505
164,R9ux@yahoo.com,17 Jasmine Way,Castle Hill,2154.0,2,image/125.jpg;image/103.jpg;image/297.jpg;image/228.jpg,151.0160157,-33.7374987
165,KHojy@qq.com,19 Marr Street,Wollongong,2500.0,8,image/96.jpg;image/164.jpg;image/125.jpg;image/127.jpg,150.9001707,-34.4199243
166,Wxj@163.com,27 Throsby Drive,Wollongong,2500.0,5,image/232.jpg;image/39.jpg,150.88845940000004,-34.4200378
167,sGe5yiFP@gmail.com,15 Albion Street,Surry Hills,2010.0,3,image/101.jpg;image/174.jpg;image/16.jpg,151.2092644,-33.882704100000005
168,Wxj@163.com,21 Ross Street,Blacktown,2148.0,8,image/205.jpg;image/193.jpg,150.91175900000005,-33.7788683
169,hSOTHAW75eSvpHQ@hotmail.com,3 Ashwell Road,Blacktown,2148.0,4,image/218.jpg;image/262.jpg,150.9059029,-33.7739692
170,Px2Rr@163.com,5 Gore Street,Parramatta,2150.0,5,image/61.jpg;image/231.jpg;image/283.jpg;image/183.jpg,151.01609409999998,-33.8115518
171,KcDT6CG4L@163.com,25 Bourke Street,Mascot,2020.0,8,image/81.jpg;image/192.jpg;image/147.jpg;image/271.jpg;image/15.jpg,151.1872773,-33.922751899999994
172,1tYQg6ARrxk3y@yahoo.com,1 Rose Terrace,Darlinghurst,2021.0,4,image/218.jpg;image/147.jpg;image/219.jpg,151.21907130000002,-33.882531400000005
173,725G1BqiIf2meC@hotmail.com,11 Hooper Street,Randwick,2031.0,8,image/79.jpg;image/48.jpg,151.2501596,-33.90569050000001
174,1tYQg6ARrxk3y@yahoo.com,23 Raw Avenue,Bankstown,2200.0,2,image/154.jpg;image/95.jpg;image/36.jpg,151.0344467,-33.911927899999995
175,BrdZv1rr9@qq.com,3 Pamela Street,North Ryde,2113.0,6,image/83.jpg;image/230.jpg;image/101.jpg,151.12596069999995,-33.7930292
176,NCsx@qq.com,29 Merlin Court,Castle Hill,2154.0,2,image/106.jpg;image/194.jpg;image/160.jpg,150.9911617,-33.7098869
177,mgEHh1WR6DRE5Mf@gmail.com,21 Reilly Street,Liverpool,2170.0,5,image/131.jpg;image/215.jpg;image/291.jpg;image/26.jpg;image/192.jpg,150.913486,-33.9340382
178,KHojy@qq.com,25 Apsley Lane,Kingsford,2032.0,8,image/60.jpg;image/145.jpg;image/163.jpg;image/60.jpg,151.23111459999996,-33.929537700000004
179,R9ux@yahoo.com,23 Dutruc Street,Randwick,2031.0,7,image/45.jpg;image/132.jpg,151.2456134,-33.9121034
180,o6mNDIf@hotmail.com,1 Green Road,Castle Hill,2154.0,5,image/95.jpg;image/297.jpg;image/297.jpg;image/44.jpg;image/121.jpg,150.9763603,-33.7239948
181,o4G5BhZBy3@hotmail.com,27 Hoskins Avenue,Bankstown,2200.0,4,image/155.jpg;image/36.jpg;image/123.jpg,151.03171630000003,-33.9313833
182,R1CHqeDWk@yahoo.com,25 Short Street,Campbelltown,2560.0,8,image/175.jpg;image/109.jpg,150.81456619999997,-34.0651774
183,725G1BqiIf2meC@hotmail.com,3 Cooinda Place,Baulkham Hills,2153.0,2,image/106.jpg;image/67.jpg;image/7.jpg;image/240.jpg,151.0034064,-33.75276789999999
184,5PQCl@gmail.com,11 Castle Street,Randwick,2031.0,3,image/20.jpg;image/98.jpg,151.24306049999996,-33.9050457
185,hE9sLi@163.com,1 Rookwood Road,Bankstown,2199.0,4,image/33.jpg;image/12.jpg;image/145.jpg;image/144.jpg;image/181.jpg,151.036096,-33.9059593
186,lunBZOgMyA3A2@163.com,27 Reserve Road,Newcastle,2267.0,8,image/16.jpg;image/15.jpg;image/107.jpg,151.608302,-33.0749695
187,e3OW@qq.com,11 Ashburn Close,Baulkham Hills,2153.0,3,image/152.jpg;image/240.jpg;image/127.jpg,150.9550529,-33.7328446
188,2@hotmail.com,19 Milne Court,Castle Hill,2154.0,6,image/160.jpg;image/117.jpg;image/140.jpg;image/298.jpg;image/81.jpg,151.0189062,-33.7306206
189,fszRaDYAnBBIf0@163.com,3 Pitt Street,Sydney,2000.0,2,image/20.jpg;image/102.jpg,151.20920230000004,-33.8616913
190,HDbeEQbo9@163.com,21 Coogan Place,Campbelltown,2560.0,7,image/62.jpg;image/293.jpg;image/261.jpg;image/297.jpg;image/217.jpg,150.813233,-34.066957099999996
191,75Y2p@gmail.com,19 Union Lane,Sydney,2750.0,8,image/171.jpg;image/122.jpg;image/69.jpg;image/215.jpg;image/34.jpg,150.695744,-33.754247
192,qGE5Uyv@gmail.com,11 Meela Street,Blacktown,2148.0,8,image/60.jpg;image/38.jpg;image/26.jpg;image/80.jpg;image/99.jpg,150.88817419999995,-33.77695429999999
193,F3AW58Ge@qq.com,19 Francis Lane,Darlinghurst,2010.0,8,image/3.jpg;image/36.jpg,151.2134772,-33.8761631
194,2kyZ@gmail.com,17 Mort Street,Randwick,2031.0,8,image/154.jpg;image/94.jpg;image/245.jpg;image/30.jpg;image/82.jpg,151.2387324,-33.905419200000004
195,p6BxSTgaMUh@qq.com,5 Nithsdale Lane,Sydney,2000.0,4,image/248.jpg;image/208.jpg,151.2100933,-33.8781674
196,PTUyWust1Bvwnp@gmail.com,1 Westfield Place,Blacktown,2148.0,2,image/88.jpg;image/180.jpg,150.9082476,-33.7701105
197,nUpKSk5P4Xrgg@qq.com,25 Armidale Crescent,Castle Hill,2154.0,4,image/73.jpg;image/6.jpg,151.0218243,-33.7212658
198,fszRaDYAnBBIf0@163.com,17 Griffin Street,Surry Hills,2010.0,5,image/142.jpg;image/233.jpg;image/142.jpg;image/172.jpg;image/198.jpg,151.2130709,-33.8851857
199,o4G5BhZBy3@hotmail.com,9 Bedford Street,Surry Hills,2010.0,5,image/2.jpg;image/272.jpg;image/261.jpg;image/51.jpg;image/161.jpg,151.20792930000005,-33.887699
200,nUpKSk5P4Xrgg@qq.com,29 Isis Lane,Kingsford,2032.0,3,image/28.jpg;image/299.jpg,151.23326569999998,-33.929346
201,IRk@hotmail.com,29 Bishopsgate Avenue,Castle Hill,2154.0,5,image/99.jpg;image/242.jpg,150.9898246,-33.7076765
202,bFR@yahoo.com,29 Moore Lane,Wollongong,2500.0,8,image/60.jpg;image/70.jpg;image/161.jpg;image/9.jpg,150.89912859999995,-34.4252805
203,fszRaDYAnBBIf0@163.com,21 Cross Street,Newcastle,2304.0,5,image/301.jpg;image/177.jpg;image/254.jpg;image/111.jpg,151.73229730000003,-32.8904982
204,KHojy@qq.com,17 Beauchamp Lane,Surry Hills,2010.0,5,image/71.jpg;image/267.jpg;image/161.jpg;image/301.jpg;image/124.jpg,151.2104705,-33.8816586
205,birCH1KiAhW0@qq.com,17 Prairie Way,Auburn,2144.0,5,image/116.jpg;image/5.jpg;image/235.jpg;image/200.jpg;image/276.jpg,151.01818490000005,-33.873571999999996
206,GWb@yahoo.com,5 Napier Street,North Sydney,2060.0,5,image/213.jpg;image/290.jpg,151.2056112,-33.8375215
207,ym03DkPQUSHVz@qq.com,21 Sophia Lane,Surry Hills,2010.0,5,image/127.jpg;image/250.jpg;image/295.jpg;image/166.jpg,151.21192299999996,-33.8851033
208,wKip0M@qq.com,3 Benwerrin Avenue,Baulkham Hills,2153.0,5,image/151.jpg;image/236.jpg,150.9758973,-33.74719960000001
209,ZiNKHKtXlUHNYi2@yahoo.com,21 Arnold Lane,Darlinghurst,2010.0,4,image/121.jpg;image/73.jpg;image/275.jpg,151.2146458,-33.8796441
210,7o6o@gmail.com,21 Stewart Drive,Castle Hill,2154.0,4,image/284.jpg;image/50.jpg,151.0064605,-33.740867
211,hE9sLi@163.com,11 Yinnell Place,Castle Hill,2154.0,8,image/15.jpg;image/46.jpg;image/47.jpg;image/219.jpg;image/78.jpg,151.00515969999995,-33.7188171
212,75Y2p@gmail.com,5 Brunette Drive,Castle Hill,2154.0,4,image/160.jpg;image/216.jpg;image/50.jpg,150.9992635,-33.7487919
213,2kyZ@gmail.com,13 Hassall Street,Parramatta,2150.0,2,image/275.jpg;image/40.jpg;image/81.jpg;image/293.jpg,151.00851799999995,-33.818162
214,lQbQ3CR@hotmail.com,17 Badgally Road,Campbelltown,2560.0,3,image/216.jpg;image/248.jpg;image/81.jpg;image/172.jpg,150.81181,-34.0584333
215,hSOTHAW75eSvpHQ@hotmail.com,25 Brown Street,Newcastle,2300.0,4,image/184.jpg;image/152.jpg;image/123.jpg,151.7774314,-32.9283151
216,nUpKSk5P4Xrgg@qq.com,11 Albion Place,Baulkham Hills,2153.0,8,image/17.jpg;image/162.jpg;image/82.jpg,150.9685321,-33.7393977
217,R9ux@yahoo.com,9 Dina Beth Avenue,Blacktown,2148.0,2,image/125.jpg;image/233.jpg;image/40.jpg;image/170.jpg;image/247.jpg,150.8885832,-33.773785700000005
218,HDbeEQbo9@163.com,7 David Avenue,North Ryde,2113.0,5,image/299.jpg;image/183.jpg;image/34.jpg;image/43.jpg,151.1194075,-33.787081
219,2@hotmail.com,23 Western Crescent,Blacktown,2148.0,8,image/62.jpg;image/176.jpg;image/287.jpg;image/11.jpg,150.89817119999995,-33.78180220000001
220,3jMCc9iyKjW@163.com,19 Arthur Street,Baulkham Hills,2153.0,8,image/153.jpg;image/32.jpg;image/24.jpg;image/91.jpg,150.9906881,-33.7645154
221,1tYQg6ARrxk3y@yahoo.com,17 Curtin Grove,Penrith,2750.0,5,image/80.jpg;image/168.jpg,150.70818559999995,-33.745373799999996
222,YEI9cUnp@hotmail.com,9 Sea View Road,Wollongong,2500.0,2,image/178.jpg;image/147.jpg;image/121.jpg;image/127.jpg;image/77.jpg,150.88204,-34.4311182
223,2kyZ@gmail.com,25 Pitt Street,Sydney,2000.0,3,image/75.jpg;image/196.jpg;image/119.jpg,151.208929,-33.862053700000004
224,YEI9cUnp@hotmail.com,21 Chepstow Street,Randwick,2031.0,5,image/115.jpg;image/57.jpg;image/64.jpg;image/12.jpg;image/290.jpg,151.2430456,-33.907129
225,NCsx@qq.com,23 Riley Street,Sydney,2011.0,2,image/133.jpg;image/233.jpg;image/100.jpg;image/277.jpg,151.2154044,-33.8728744
226,t7iKMaGnLYdqW@yahoo.com,17 Campbell Avenue,Darlinghurst,2021.0,7,image/109.jpg;image/209.jpg;image/90.jpg,151.22295219999995,-33.8812338
227,wKip0M@qq.com,23 Shaw Avenue,Kingsford,2032.0,3,image/201.jpg;image/19.jpg,151.2187794,-33.9204349
228,o6mNDIf@hotmail.com,27 Vera Street,Baulkham Hills,2153.0,7,image/149.jpg;image/45.jpg;image/274.jpg;image/184.jpg,150.9972859,-33.7619806
229,u87n@163.com,27 Waminda Avenue,Campbelltown,2560.0,5,image/142.jpg;image/163.jpg;image/167.jpg,150.8332026,-34.0676365
230,5L5B4sydMr2y@gmail.com,15 Noumea Avenue,Bankstown,2200.0,7,image/233.jpg;image/169.jpg;image/109.jpg,151.0322439,-33.9282892
231,nUpKSk5P4Xrgg@qq.com,9 Coolong Street,Castle Hill,2154.0,8,image/136.jpg;image/28.jpg,150.993448,-33.7357904
232,Wxj@163.com,19 Cassina Place,Baulkham Hills,2153.0,3,image/33.jpg;image/186.jpg;image/198.jpg;image/78.jpg,150.9606992,-33.7565573
233,sGe5yiFP@gmail.com,27 Jindabyne Avenue,Baulkham Hills,2153.0,8,image/74.jpg;image/36.jpg;image/258.jpg,150.9978587,-33.7535054
234,t7iKMaGnLYdqW@yahoo.com,7 Henrietta Lane,Manly,2095.0,4,image/290.jpg;image/142.jpg;image/301.jpg;image/168.jpg;image/37.jpg,151.287248,-33.796246000000004
235,R9ux@yahoo.com,13 Lyonpark Road,North Ryde,2113.0,4,image/208.jpg;image/64.jpg;image/208.jpg,151.1217913,-33.782617200000004
236,F3AW58Ge@qq.com,19 Beauchamp Lane,Surry Hills,2010.0,6,image/204.jpg;image/133.jpg;image/198.jpg;image/299.jpg;image/67.jpg,151.2104705,-33.8816586
237,p6BxSTgaMUh@qq.com,25 Cecil Avenue,Castle Hill,2154.0,3,image/157.jpg;image/109.jpg,150.9972676,-33.7319322
238,zxxkMJ@gmail.com,7 Scott Street,Pyrmont,2009.0,2,image/214.jpg;image/270.jpg;image/134.jpg;image/250.jpg,151.1927934,-33.866735999999996
239,o6mNDIf@hotmail.com,29 Anderson Street,Parramatta,2150.0,7,image/61.jpg;image/183.jpg;image/255.jpg,151.0048167,-33.8205099
240,kX3sG836Tw9Tl@hotmail.com,7 Eddy Avenue,Surry Hills,2000.0,3,image/202.jpg;image/273.jpg,151.20748999999995,-33.882493100000005
241,m@yahoo.com,9 Beresford Street,Mascot,2020.0,4,image/111.jpg;image/112.jpg;image/298.jpg;image/66.jpg;image/195.jpg,151.1951574,-33.935027000000005
242,qvmaFKggm91qEF@gmail.com,27 Cassins Avenue,North Sydney,2060.0,3,image/214.jpg;image/224.jpg;image/129.jpg,151.20661280000004,-33.8314426
243,QH7OrLIz2Hqq@qq.com,23 Wellington Road,Auburn,2144.0,7,image/208.jpg;image/94.jpg;image/33.jpg;image/229.jpg,151.025781,-33.8649079
244,qGE5Uyv@gmail.com,25 Applecross Avenue,Castle Hill,2154.0,2,image/55.jpg;image/129.jpg,151.0002332,-33.7149521
245,9qDKDEYe3KGF@163.com,27 Conie Avenue,Baulkham Hills,2153.0,3,image/254.jpg;image/150.jpg;image/105.jpg;image/299.jpg;image/44.jpg,150.9892598,-33.7606646
246,2iDn8E8@yahoo.com,17 Holt Street,Surry Hills,2010.0,5,image/244.jpg;image/76.jpg;image/17.jpg;image/17.jpg,151.2089175,-33.8848469
247,hE9sLi@163.com,19 Short St Plaza,Manly,2095.0,6,image/98.jpg;image/138.jpg;image/299.jpg;image/57.jpg,151.28620930000002,-33.7961816
248,UKX@163.com,9 Bangor Street,Auburn,2144.0,2,image/140.jpg;image/103.jpg;image/33.jpg;image/228.jpg;image/212.jpg,151.017742,-33.847288899999995
249,NCsx@qq.com,27 Olga Street,Blacktown,2148.0,4,image/299.jpg;image/94.jpg,150.8897337,-33.7565027
250,6sKh8X0w6x8fne@163.com,3 Wren Court,Castle Hill,2154.0,5,image/224.jpg;image/254.jpg;image/131.jpg;image/73.jpg,151.0298253,-33.721114799999995
251,ymxX@163.com,17 Urunga Parade,Wollongong,2500.0,6,image/128.jpg;image/219.jpg,150.88049519999996,-34.4254433
252,ymxX@163.com,13 Norval Street,Auburn,2144.0,5,image/61.jpg;image/134.jpg,151.035696,-33.859542299999994
253,Tsv@gmail.com,23 Little Mort Street,Randwick,2031.0,2,image/130.jpg;image/291.jpg,151.2381991,-33.9049637
254,HvUw9xdfu8LsTSu@qq.com,5 Hunter Place,Castle Hill,2154.0,8,image/35.jpg;image/98.jpg;image/92.jpg;image/187.jpg,151.0048843,-33.7215499
255,J1nWFjGf@qq.com,9 High Street,Randwick,2052.0,4,image/218.jpg;image/56.jpg,151.2360184,-33.9170619
256,F3AW58Ge@qq.com,17 Mcgee Place,Baulkham Hills,2153.0,4,image/117.jpg;image/207.jpg;image/269.jpg,151.00643300000004,-33.7600539
257,KHojy@qq.com,23 Eagar Street,Sydney,2000.0,4,image/64.jpg;image/48.jpg;image/208.jpg;image/3.jpg;image/53.jpg,151.2049834,-33.87698579999999
258,hSOTHAW75eSvpHQ@hotmail.com,3 Commonwealth Parade,Manly,2095.0,2,image/62.jpg;image/80.jpg;image/206.jpg;image/186.jpg;image/217.jpg,151.2808079,-33.7983907
259,sGe5yiFP@gmail.com,3 Mcintyre Place,Castle Hill,2154.0,2,image/16.jpg;image/131.jpg;image/86.jpg;image/261.jpg;image/126.jpg,150.9961763,-33.7150637
260,e3OW@qq.com,19 New Line Road,Castle Hill,2125.0,8,image/230.jpg;image/241.jpg,151.0471622,-33.7413592
261,75Y2p@gmail.com,21 Harry Street,Mascot,2018.0,6,image/249.jpg;image/187.jpg,151.20744390000004,-33.9309063
262,An5WAxLlyO2@gmail.com,11 Excelsior Way,Castle Hill,2154.0,5,image/192.jpg;image/24.jpg;image/73.jpg;image/84.jpg;image/40.jpg,150.984509,-33.7407086
263,3Wf5G88MS8cMgqQ@163.com,5 Lytton Place,Campbelltown,2560.0,7,image/164.jpg;image/264.jpg;image/217.jpg;image/145.jpg,150.8277179,-34.0632018
264,JLGaMuH@yahoo.com,21 Ada Lane,Randwick,2031.0,4,image/74.jpg;image/46.jpg;image/234.jpg;image/267.jpg;image/291.jpg,151.2423223,-33.9168191
265,KrJnwtKufW5s@hotmail.com,27 Reservoir Road,Blacktown,2148.0,2,image/114.jpg;image/172.jpg;image/30.jpg;image/6.jpg;image/214.jpg,150.90139059999996,-33.7793443
266,FRz2gnJRvAxUeOP@qq.com,7 Packard Avenue,Castle Hill,2154.0,4,image/185.jpg;image/152.jpg;image/138.jpg;image/179.jpg,150.984286,-33.7351824
267,SE9@yahoo.com,3 Neild Avenue,Darlinghurst,2021.0,3,image/194.jpg;image/17.jpg,151.2272064,-33.879676399999994
268,WWwfX2U9LUSA@gmail.com,15 Boundary Street,Parramatta,2142.0,5,image/240.jpg;image/92.jpg;image/119.jpg;image/231.jpg;image/184.jpg,150.99815149999995,-33.8258117
269,5L5B4sydMr2y@gmail.com,21 Wilkins Street,Bankstown,2199.0,6,image/5.jpg;image/55.jpg;image/283.jpg,151.0180496,-33.909105700000005
270,sTmyQJ8qBcsZSDZ@163.com,13 Harwood Street,Pyrmont,2009.0,3,image/146.jpg;image/22.jpg,151.1969003,-33.8706804
271,lunBZOgMyA3A2@163.com,25 Lawson Place,Manly,2095.0,5,image/280.jpg;image/128.jpg;image/184.jpg,151.28160659999998,-33.7933675
272,Wxj@163.com,1 Bentham Place,Castle Hill,2154.0,6,image/152.jpg;image/255.jpg,150.9766021,-33.7143886
273,fszRaDYAnBBIf0@163.com,27 Stanley Street,Surry Hills,2010.0,5,image/94.jpg;image/197.jpg;image/116.jpg;image/101.jpg,151.213697,-33.8757175
274,SE9@yahoo.com,19 Coolibah Street,Castle Hill,2154.0,8,image/165.jpg;image/225.jpg,151.0056538,-33.725159600000005
275,jL@yahoo.com,11 Lambert Crescent,Baulkham Hills,2153.0,4,image/56.jpg;image/220.jpg;image/33.jpg;image/89.jpg,150.9706689,-33.7711496
276,eBMK8YAtBZnI@163.com,3 College Street,Darlinghurst,2010.0,5,image/25.jpg;image/143.jpg,151.2126518,-33.8732752
277,9qDKDEYe3KGF@163.com,29 Chelsea Avenue,Baulkham Hills,2153.0,2,image/110.jpg;image/166.jpg;image/192.jpg;image/95.jpg,150.99148359999995,-33.753936200000005
278,12THxPHQO9@qq.com,1 Tornaros Avenue,Penrith,2750.0,3,image/193.jpg;image/106.jpg;image/209.jpg;image/77.jpg;image/74.jpg,150.7034406,-33.7598477
279,root@gmail.com,19 Brendon Street,North Ryde,2113.0,4,image/295.jpg;image/223.jpg;image/6.jpg;image/270.jpg;image/105.jpg,151.1115864,-33.7932247
